model,accuracy,precision,recall,f1_score,auc_roc
MLP,0.7337662337662337,0.6444444444444445,0.5370370370370371,0.5858585858585859,0.8357407407407407
