batch_size,accuracy
32,0.7142857313156128
64,0.7272727489471436
128,0.7337662577629089
