batch_size,accuracy
32,0.7207792401313782
64,0.7077922224998474
128,0.7532467246055603
