Model,Accuracy,Precision,Recall,F1,ROC_AUC
LR,0.7078,0.6047,0.4815,0.5361,0.8067
DT,0.7987,0.7447,0.6481,0.6931,0.7921
RF,0.7468,0.6531,0.5926,0.6214,0.8133
SVM,0.7207792207792207,0.6341463414634146,0.48148148148148145,0.5473684210526316,0.797037037037037
