model,accuracy,precision,recall,f1_score,auc_roc
Logistic Regression,0.7077922077922078,0.6046511627906976,0.48148148148148145,0.5360824742268041,0.8066666666666666
